global_index,mean_msp,mean_entropy,mean_energy,p95_entropy,p05_msp,dice,miou
0,0.9270445108413696,0.39222168922424316,-4.402307033538818,0.9757229089736938,0.721691370010376,0.7334513745361811,0.6627496936355601
1,0.8964702486991882,0.4758673310279846,-4.203632354736328,1.2700927257537842,0.5440764427185059,0.5452920700562145,0.46529757220733087
2,0.9260164499282837,0.3914850354194641,-4.451242923736572,0.9427411556243896,0.7172598242759705,0.7438492800510695,0.6610612002590143
3,0.9246712923049927,0.3999320864677429,-4.411734104156494,1.0058350563049316,0.6976761221885681,0.6246584912921567,0.5479013784693569
4,0.9228352308273315,0.3985835313796997,-4.3627824783325195,1.007344365119934,0.6824378371238708,0.7177347128160206,0.6459310368250567
5,0.9192999005317688,0.41289204359054565,-4.409203052520752,1.0631670951843262,0.6468418836593628,0.7045554509402703,0.6009700562132531
6,0.9277048110961914,0.39588287472724915,-4.332726001739502,0.8987249135971069,0.7680409550666809,0.7072754466132708,0.6218204424595766
7,0.907415509223938,0.4448130130767822,-4.298399925231934,1.1462708711624146,0.6050623655319214,0.658012084813186,0.5627740644414799
8,0.926084041595459,0.3908192217350006,-4.47188663482666,0.9866300225257874,0.7085887789726257,0.6892499337778974,0.6088849699185981
9,0.9194138050079346,0.4161006212234497,-4.286182403564453,1.0815582275390625,0.6576616168022156,0.6350270126886177,0.5633787378840203
10,0.920746922492981,0.4101581573486328,-4.332216262817383,1.0544991493225098,0.6717792749404907,0.6379859532644541,0.568165216089582
11,0.9190940856933594,0.40981361269950867,-4.403676986694336,1.1017712354660034,0.6406052708625793,0.5376291085000303,0.48301963088187
12,0.9205310344696045,0.4072057604789734,-4.377783298492432,1.0257046222686768,0.671587347984314,0.783446465588675,0.6854481133519402
13,0.9180921316146851,0.41454148292541504,-4.37995719909668,1.1017690896987915,0.6372457146644592,0.7206393007651958,0.6622204498227126
14,0.9121453166007996,0.4315781891345978,-4.29799747467041,1.14841628074646,0.6005752086639404,0.7302030175489886,0.6146779693089476
15,0.9300307035446167,0.38413265347480774,-4.41890811920166,0.9056907296180725,0.7642520070075989,0.7566430568690962,0.6962711645856533
16,0.9345616102218628,0.3731226623058319,-4.453108787536621,0.7505455613136292,0.8299722671508789,0.8251589693121506,0.7719422962011935
17,0.9263420104980469,0.3973481059074402,-4.4487128257751465,1.083498477935791,0.700823187828064,0.6469743849052518,0.6094641144937337
18,0.9027597904205322,0.46139007806777954,-4.2466888427734375,1.2215005159378052,0.5736221075057983,0.6150043432627409,0.5361360503721146
19,0.9261337518692017,0.3932247757911682,-4.445910930633545,0.9988381862640381,0.7068682312965393,0.7107536201924948,0.6312114904920411
20,0.9311984181404114,0.3803766369819641,-4.455228328704834,0.8740376830101013,0.7710248231887817,0.7388766455138022,0.6798555106874212
21,0.9303721785545349,0.3847430944442749,-4.4447832107543945,0.8835543990135193,0.778287410736084,0.614156449908437,0.5575308933016668
22,0.9261946082115173,0.3944298028945923,-4.435877799987793,0.965316891670227,0.7159985303878784,0.7985122168221875,0.7091781812680268
23,0.9295995235443115,0.3895973861217499,-4.388020992279053,0.8756985068321228,0.777748167514801,0.7015710219762057,0.6284153638759954
24,0.9239403009414673,0.39899811148643494,-4.4160003662109375,0.9943463802337646,0.6962065696716309,0.7423138691434439,0.6478304489877748
25,0.9167648553848267,0.4131157398223877,-4.419386863708496,1.0941975116729736,0.6360032558441162,0.5997789643555554,0.5501994661661949
26,0.9074777364730835,0.44813352823257446,-4.263530731201172,1.2462232112884521,0.5802558064460754,0.7086868337514595,0.6063404631222262
27,0.9195581674575806,0.40883612632751465,-4.374697685241699,1.078611969947815,0.643330454826355,0.6502678419164787,0.6031612766609743
28,0.9067280292510986,0.44799986481666565,-4.287099838256836,1.2300351858139038,0.578950047492981,0.6936670804456166,0.5919187986954232
29,0.9301260113716125,0.3808249533176422,-4.460225582122803,0.8992775678634644,0.7577667236328125,0.6557428341962903,0.6016841321786237
30,0.930137038230896,0.38455337285995483,-4.4226579666137695,0.8930578231811523,0.7626267671585083,0.7417490996154953,0.6807359823350118
31,0.9028903841972351,0.45658013224601746,-4.2800068855285645,1.2642492055892944,0.5584756135940552,0.623024551611113,0.5425964684290056
32,0.931571364402771,0.3831595778465271,-4.417906761169434,0.842089831829071,0.7937277555465698,0.6416775392834939,0.5988736809051458
33,0.91688472032547,0.4177325963973999,-4.347621917724609,1.1171228885650635,0.6285704970359802,0.7671697691950654,0.6877723181794915
34,0.9244687557220459,0.3982032537460327,-4.422146320343018,0.9603639245033264,0.7212929129600525,0.7711382050774832,0.6776429282027262
35,0.9237796664237976,0.3980633318424225,-4.402508735656738,0.9629495739936829,0.7035549283027649,0.6444656439711722,0.5813794910842413
36,0.9132064580917358,0.42926254868507385,-4.3752641677856445,1.2092745304107666,0.5929169058799744,0.690159632689065,0.5841519221379513
37,0.9053336977958679,0.44112348556518555,-4.325332164764404,1.1762174367904663,0.5796623229980469,0.7093770792083817,0.6001263128117253
38,0.9201338887214661,0.40743815898895264,-4.4098076820373535,1.0548937320709229,0.6470218896865845,0.7330458108215973,0.6726596835756774
39,0.9122489094734192,0.4322546124458313,-4.35532283782959,1.15365469455719,0.6135636568069458,0.6331649752462774,0.5430390596493421
40,0.9242302179336548,0.3980484902858734,-4.405349254608154,0.9935885667800903,0.7023032307624817,0.65619903579212,0.583097499521242
41,0.9199898838996887,0.41616982221603394,-4.327970027923584,1.0835918188095093,0.6724961996078491,0.5337018092527299,0.4927740185075382
42,0.9309934377670288,0.3839273452758789,-4.395286560058594,0.8918675184249878,0.7750439047813416,0.5747418876954412,0.5168798624944564
43,0.9173017144203186,0.4182453751564026,-4.343696594238281,1.0986833572387695,0.6366627216339111,0.7573268237950603,0.6761030062409755
44,0.9233911633491516,0.4054621458053589,-4.344764709472656,1.049168586730957,0.688572108745575,0.6364550652202337,0.5580985433260337
45,0.927125096321106,0.39344123005867004,-4.4027814865112305,0.9671117663383484,0.7267329096794128,0.8029779228844961,0.7429679504521964
46,0.9181641936302185,0.4148765206336975,-4.353991985321045,1.1143382787704468,0.6396701335906982,0.6196349297836967,0.5443451968029762
47,0.9243712425231934,0.40004438161849976,-4.401101112365723,1.0174392461776733,0.6918147802352905,0.636557955093558,0.5661168331080134
48,0.91700279712677,0.41548144817352295,-4.390380859375,1.084893822669983,0.6442752480506897,0.840239392365454,0.7732646984774318
49,0.9321480989456177,0.37533891201019287,-4.468401908874512,0.8924729824066162,0.7752328515052795,0.7848935286961825,0.7342428005562194
50,0.9191604256629944,0.41020655632019043,-4.364650726318359,1.0539288520812988,0.6541692018508911,0.6496116518072633,0.5673307850605211
51,0.9245238304138184,0.40151792764663696,-4.371154308319092,1.0146851539611816,0.6992805600166321,0.8203466044133719,0.7604119700123615
52,0.9166748523712158,0.42458251118659973,-4.388023376464844,1.1135261058807373,0.6438040137290955,0.7393842008496031,0.6382602508600268
53,0.9231619834899902,0.3985103964805603,-4.3922882080078125,1.0168802738189697,0.6853159070014954,0.7197700525194825,0.6361555007744654
54,0.917015790939331,0.4206509590148926,-4.3533124923706055,1.1083996295928955,0.6412232518196106,0.6858471232898219,0.5998379733466511
55,0.9114867448806763,0.4373866319656372,-4.27621603012085,1.195657730102539,0.5989415645599365,0.6908855234035998,0.6126821590255584
56,0.9187406301498413,0.41182368993759155,-4.363216400146484,1.0549921989440918,0.6473335027694702,0.7641672741300272,0.6829344036021502
57,0.9253422617912292,0.39390596747398376,-4.362396717071533,1.0052121877670288,0.6979303359985352,0.8249481744232869,0.7298110900066929
58,0.9210984110832214,0.4036846160888672,-4.417839050292969,1.047491192817688,0.6617478132247925,0.5943270313277308,0.5354984255104113
59,0.9227778911590576,0.4021623134613037,-4.426803112030029,1.0075724124908447,0.6847207546234131,0.6674955884927164,0.5980256815676327
60,0.9132983088493347,0.4248812794685364,-4.313693523406982,1.0915144681930542,0.6192035675048828,0.6829527016259669,0.6015763961554228
61,0.9292383193969727,0.37702298164367676,-4.446986675262451,0.9337916970252991,0.7322927117347717,0.7844518902435578,0.7041097617699669
62,0.9017913341522217,0.46060580015182495,-4.297788619995117,1.3056199550628662,0.5495401620864868,0.5630065842912199,0.4925575909965979
63,0.9308713674545288,0.38338160514831543,-4.375480651855469,0.888778030872345,0.7783260941505432,0.702641220084372,0.6474480140773022
64,0.9115294218063354,0.4345241189002991,-4.274231910705566,1.1380213499069214,0.6106295585632324,0.5174726767766675,0.4454763647035421
65,0.9297400712966919,0.3822621703147888,-4.455709934234619,0.9075586199760437,0.7521352767944336,0.5771836199151095,0.5167826634254877
66,0.9216872453689575,0.40339744091033936,-4.357678413391113,1.0196291208267212,0.6769976019859314,0.6847205076243634,0.6071342104137322
67,0.928667426109314,0.38506460189819336,-4.438918590545654,0.9201146364212036,0.7414593696594238,0.710284676918446,0.6466787771871533
68,0.9168885946273804,0.4198459982872009,-4.321170330047607,1.1409724950790405,0.6206190586090088,0.6923305785489436,0.6014056685468723
69,0.9232775568962097,0.40566277503967285,-4.411102294921875,1.0315219163894653,0.6991656422615051,0.7113295212456996,0.6550583101287538
70,0.9110360145568848,0.4229697585105896,-4.406796932220459,1.1564518213272095,0.5872672200202942,0.7996942789103701,0.722869232152764
71,0.9032836556434631,0.46019160747528076,-4.285780906677246,1.2541205883026123,0.5675928592681885,0.7169869544105959,0.6143203006072333
72,0.9228123426437378,0.4035886228084564,-4.356799125671387,1.0209406614303589,0.6858622431755066,0.8565792717482423,0.7696953717933572
73,0.9013281464576721,0.4553535580635071,-4.28341007232666,1.1841785907745361,0.5565891861915588,0.6066470610664952,0.5131768058775104
74,0.927434504032135,0.3878909945487976,-4.426116943359375,0.9500890374183655,0.7243272066116333,0.7162942985001776,0.6528075452873294
75,0.9254991412162781,0.4002101719379425,-4.362465858459473,0.9515845775604248,0.7370391488075256,0.7035512537558648,0.6432215466183916
76,0.917182207107544,0.4215965270996094,-4.307701587677002,1.1126835346221924,0.6344634294509888,0.5828636197024765,0.5080448998247505
77,0.9265815019607544,0.3911592960357666,-4.432151794433594,0.9952659010887146,0.7113996744155884,0.7137190179124387,0.6189012950800646
78,0.9226298332214355,0.4042377769947052,-4.417379379272461,1.1004467010498047,0.6701051592826843,0.45820104774586123,0.4087119811878308
79,0.9246601462364197,0.3978663384914398,-4.441603660583496,0.971861720085144,0.7013759016990662,0.7892391201680209,0.7364654782588596
80,0.9216048717498779,0.4056827127933502,-4.374674320220947,1.059011697769165,0.6665153503417969,0.756161880363253,0.6827953376596868
81,0.925437331199646,0.3945308327674866,-4.363836288452148,0.9438202977180481,0.7185198068618774,0.8017792489001088,0.7247852008282512
82,0.9143357872962952,0.42597728967666626,-4.3657755851745605,1.1488951444625854,0.6152020692825317,0.6193491223035413,0.5264163492127811
83,0.9164302349090576,0.4147089719772339,-4.363734245300293,1.1148264408111572,0.6209750175476074,0.8336796223828742,0.735432639983705
84,0.9256315231323242,0.39329707622528076,-4.428075313568115,0.9656231999397278,0.7123905420303345,0.6957181980915074,0.6070125901021292
85,0.9298926591873169,0.3845825791358948,-4.426868438720703,0.8966867923736572,0.7586981654167175,0.6473044259198945,0.6056759360563388
86,0.9225773811340332,0.4019484519958496,-4.3973002433776855,1.0286250114440918,0.6757959127426147,0.7288696192501501,0.6565464317792402
87,0.9327560067176819,0.38047245144844055,-4.446462631225586,0.7905799150466919,0.8175174593925476,0.5489815925781192,0.49660407440700244
88,0.9154486656188965,0.4187223017215729,-4.354242324829102,1.1033074855804443,0.6194798946380615,0.6549539660999296,0.5633760340320995
89,0.9255422949790955,0.39043742418289185,-4.455939769744873,1.0045478343963623,0.6987960338592529,0.6399105163785147,0.5810665912487595
90,0.9390308856964111,0.36481016874313354,-4.477776527404785,0.48112502694129944,0.9181467294692993,0.975005824221451,0.953336805738541
91,0.92010098695755,0.40933889150619507,-4.412276744842529,1.0640413761138916,0.6614534258842468,0.663486443479813,0.5919130189932897
92,0.9218571186065674,0.40665534138679504,-4.405066013336182,1.043796181678772,0.6782622933387756,0.6676077795115958,0.5933970007641357
93,0.9250516891479492,0.3957097828388214,-4.422878265380859,1.011352777481079,0.6999667286872864,0.6123502441063994,0.5610715168299415
94,0.9072283506393433,0.4427068829536438,-4.30103874206543,1.2803784608840942,0.5658889412879944,0.6756046441737558,0.5924477152200552
95,0.9240552186965942,0.40011805295944214,-4.37595272064209,1.0341402292251587,0.6916718482971191,0.6054227043309371,0.5530552343751924
96,0.9253182411193848,0.40018150210380554,-4.411417007446289,0.9679867029190063,0.7169930934906006,0.7133090100012043,0.630925431110885
97,0.9226921200752258,0.40745487809181213,-4.3219380378723145,1.0380547046661377,0.6871494054794312,0.7310475771806104,0.6635721002108432
98,0.9029099941253662,0.45653584599494934,-4.275338172912598,1.218482494354248,0.5718873739242554,0.6409549304280339,0.5752235732209245
99,0.9228788614273071,0.40085136890411377,-4.389528274536133,1.0298627614974976,0.6757538318634033,0.47284587163172925,0.4315714833450959
100,0.9198793172836304,0.41514283418655396,-4.36208438873291,1.0959408283233643,0.6563855409622192,0.7006940486960532,0.6101973234612187
101,0.9053813219070435,0.45556479692459106,-4.2640485763549805,1.217374563217163,0.5933629274368286,0.7039678430468258,0.6243273703714334
102,0.9325003027915955,0.3750776946544647,-4.479199409484863,0.8481770753860474,0.787019670009613,0.8283361245227459,0.7768092940953245
103,0.9170515537261963,0.41491734981536865,-4.3372602462768555,1.0734403133392334,0.6407408118247986,0.9207778664764794,0.8574143955616594
104,0.9143190383911133,0.42411601543426514,-4.363774299621582,1.0974395275115967,0.6234037280082703,0.67631102598356,0.580814683933097
105,0.9187635183334351,0.41120389103889465,-4.33795166015625,1.084641933441162,0.6418659687042236,0.6597620779257372,0.5686070124016406
106,0.9091423749923706,0.4386526048183441,-4.29901123046875,1.1556200981140137,0.5972364544868469,0.6910253630353101,0.6112122646165925
107,0.925328254699707,0.395189106464386,-4.418176651000977,0.9483211636543274,0.7142846584320068,0.808834847372139,0.7256480163587479
108,0.9227683544158936,0.40274515748023987,-4.376782417297363,1.0393483638763428,0.678399384021759,0.5967575068909932,0.5288753445604855
109,0.9244818091392517,0.4008268415927887,-4.33836555480957,0.9511779546737671,0.711605966091156,0.7976235775765177,0.6975918552295206
110,0.930751383304596,0.3847511410713196,-4.397161483764648,0.8669219017028809,0.7808715105056763,0.7026655430279534,0.6448794769296672
111,0.9236546158790588,0.40260159969329834,-4.401180267333984,0.9829666614532471,0.7044773101806641,0.6915987601934799,0.6265902657264119
112,0.9172618389129639,0.4202829897403717,-4.309346675872803,1.0810624361038208,0.6529307961463928,0.7153364805100678,0.6148829992364063
113,0.9247311353683472,0.3956505060195923,-4.454456329345703,0.9805258512496948,0.6979862451553345,0.6962207580239068,0.6330902529730709
114,0.920737624168396,0.40705612301826477,-4.372703552246094,1.0483732223510742,0.6646783351898193,0.7432753936326186,0.6725621542386693
115,0.9298409223556519,0.3848162889480591,-4.423062324523926,0.8767943978309631,0.7668405175209045,0.8043686960663925,0.7406080474993415
116,0.9179059863090515,0.41699710488319397,-4.378411769866943,1.1006311178207397,0.6396926641464233,0.5969729716137095,0.5183825608550386
117,0.9150656461715698,0.4228244125843048,-4.346597671508789,1.1366022825241089,0.6229722499847412,0.7990600843018567,0.695408495068128
118,0.9211554527282715,0.40660709142684937,-4.396859169006348,1.039942979812622,0.6681036353111267,0.7475264635485033,0.6692414649767429
119,0.9249724745750427,0.39695799350738525,-4.4189958572387695,1.0004810094833374,0.7066486477851868,0.5014468765975061,0.4734149506465419
120,0.9104017019271851,0.43182891607284546,-4.3852128982543945,1.1074329614639282,0.5931602716445923,0.5363389684146794,0.4724646692033012
121,0.9202677607536316,0.4055027365684509,-4.3883562088012695,1.07285737991333,0.6471942067146301,0.667765301377515,0.6018188503970714
122,0.9168033599853516,0.4179684519767761,-4.327579498291016,1.0941520929336548,0.6350747346878052,0.6831572402674654,0.6001786703882083
123,0.9232622385025024,0.40129315853118896,-4.404526710510254,1.0072869062423706,0.6871979236602783,0.7432465738664434,0.6399237729584071
124,0.9139137268066406,0.42981383204460144,-4.342576026916504,1.2176129817962646,0.614284336566925,0.7789544504987697,0.690465353743231
125,0.9255209565162659,0.3945731520652771,-4.41098690032959,0.9993056058883667,0.7010471820831299,0.7138949830229002,0.6304948490147407
126,0.9128748178482056,0.43850409984588623,-4.302428245544434,1.2727302312850952,0.5947870016098022,0.7028621167409179,0.6307740714017506
127,0.9186742305755615,0.41147780418395996,-4.372320175170898,1.0964924097061157,0.6355866193771362,0.542015140247236,0.4921003942646182
128,0.9237299561500549,0.3979812264442444,-4.415092945098877,1.012209415435791,0.6916984915733337,0.6027341647381403,0.5446407061616614
129,0.9185419082641602,0.4126206636428833,-4.402579307556152,1.0679092407226562,0.6464996337890625,0.7610004997480603,0.6608438029242816
130,0.9183257818222046,0.4141763150691986,-4.348556995391846,1.0358164310455322,0.6523184180259705,0.7794741571787362,0.6771648149439322
131,0.9302316904067993,0.38519376516342163,-4.409947395324707,0.9179455637931824,0.7636392116546631,0.8255032379098695,0.7544305623829792
132,0.9203303456306458,0.4055646061897278,-4.3687849044799805,1.028220772743225,0.6647666692733765,0.8274222451163259,0.7304549429194042
133,0.9321956634521484,0.3834676146507263,-4.419930458068848,0.7025965452194214,0.8488232493400574,0.6252837627340617,0.597379201275564
134,0.9069467782974243,0.4593443274497986,-4.251466751098633,1.3343122005462646,0.5810742974281311,0.5972032471674356,0.5219543431497368
135,0.922876238822937,0.40370070934295654,-4.3509039878845215,1.0694868564605713,0.6785110831260681,0.7202261561394274,0.6550567155150547
136,0.9216125011444092,0.4048613905906677,-4.4036641120910645,1.0381451845169067,0.6666999459266663,0.6764966540727047,0.5922904674844415
137,0.9287530779838562,0.38677355647087097,-4.432656288146973,0.922691285610199,0.7523258328437805,0.4450208379203196,0.40583223115772254
138,0.9212239980697632,0.4112437963485718,-4.35368537902832,1.0492042303085327,0.6624298095703125,0.7236551981173134,0.6498298267598839
139,0.9126139879226685,0.43115976452827454,-4.300379276275635,1.1306517124176025,0.6094377040863037,0.7444687919668113,0.6449015080708821
140,0.9209977388381958,0.391920804977417,-4.494725227355957,1.0198501348495483,0.6617133021354675,0.847551394034258,0.7586021158085948
141,0.916291356086731,0.4219823479652405,-4.3163604736328125,1.1231176853179932,0.638447105884552,0.6394616072778369,0.5723184573481314
142,0.9211499094963074,0.4062578082084656,-4.392270088195801,1.0489444732666016,0.6634174585342407,0.712623832636994,0.6261599901095743
143,0.9108647108078003,0.4339262843132019,-4.335816383361816,1.1657488346099854,0.6018036603927612,0.7019263142871496,0.6188139620327393
144,0.8658245205879211,0.5863751173019409,-3.9640350341796875,1.7834711074829102,0.44460099935531616,0.4867650296425853,0.4045750019988127
145,0.9269636869430542,0.3933393359184265,-4.371087551116943,1.0000640153884888,0.7217206358909607,0.6144238536432075,0.5560429285424932
146,0.9147430658340454,0.4327183961868286,-4.300010681152344,1.1473289728164673,0.6412281394004822,0.6722296586145419,0.561404059512355
147,0.9306923747062683,0.38402849435806274,-4.394798278808594,0.8606430888175964,0.784168541431427,0.6854054235149349,0.6166029349910332
148,0.9193851947784424,0.4117107391357422,-4.369570255279541,1.0711997747421265,0.6557837724685669,0.7565907922535833,0.6848552587091448
149,0.9234274625778198,0.4116825461387634,-4.302889823913574,1.034806251525879,0.7158726453781128,0.7665216379838719,0.7089911694923221
150,0.9035208225250244,0.45460885763168335,-4.307961463928223,1.2347320318222046,0.5672098398208618,0.6578650813083158,0.5728164007254339
151,0.9176619648933411,0.41248711943626404,-4.355401515960693,1.0347777605056763,0.645216166973114,0.7920753387375282,0.7188432252284372
152,0.9185817241668701,0.41975530982017517,-4.390847682952881,1.1139655113220215,0.6456030607223511,0.5681196819589619,0.49066151984855444
153,0.9226328134536743,0.4073515832424164,-4.323814868927002,1.0274100303649902,0.7035176753997803,0.5789416933580327,0.5266115460191854
154,0.9123663902282715,0.43011024594306946,-4.336834907531738,1.1757214069366455,0.5992830991744995,0.6599209862085534,0.5898195418668191
155,0.9303324818611145,0.38849779963493347,-4.356321811676025,0.8690760135650635,0.7822789549827576,0.6269579914471007,0.5408865985790479
156,0.9189951419830322,0.41638416051864624,-4.3296613693237305,1.0837204456329346,0.6483574509620667,0.5723119345533866,0.516615972191702
157,0.9129587411880493,0.4334776997566223,-4.341494560241699,1.239867091178894,0.5975654721260071,0.5724506323054168,0.5215790058431591
158,0.9140082597732544,0.426857054233551,-4.35910701751709,1.1323086023330688,0.6266753673553467,0.6762093460744755,0.5884004965799714
159,0.8979282379150391,0.47244498133659363,-4.246455192565918,1.3266756534576416,0.5471403002738953,0.6059220521617508,0.5344365572699009
160,0.9174907207489014,0.4155283570289612,-4.357884883880615,1.0730299949645996,0.6415923237800598,0.6611500739052704,0.5671567615063792
161,0.9155586957931519,0.42289161682128906,-4.337855339050293,1.110751748085022,0.6320825219154358,0.6376390501223507,0.5416544358852785
162,0.920447587966919,0.4054165482521057,-4.4103803634643555,1.1033638715744019,0.6363003849983215,0.6395598470662015,0.5955555122957172
163,0.9013040065765381,0.47070032358169556,-4.245006561279297,1.355415940284729,0.5635786056518555,0.6133479914816772,0.5250136049593964
164,0.9041434526443481,0.452121376991272,-4.277310848236084,1.2773644924163818,0.5452523231506348,0.7095355244329479,0.6053072231527296
165,0.904221773147583,0.45204803347587585,-4.301627159118652,1.224168062210083,0.5690567493438721,0.7490429347071663,0.6311695086221327
166,0.8959459066390991,0.46807825565338135,-4.302760124206543,1.3227462768554688,0.537261426448822,0.7495650049327836,0.6735213608063058
167,0.9020201563835144,0.4650055766105652,-4.287348747253418,1.2901053428649902,0.5597924590110779,0.5734138731550278,0.49867222648742826
168,0.9073611497879028,0.44669055938720703,-4.305730819702148,1.2156212329864502,0.5883573889732361,0.7140185500745416,0.6293058141286113
169,0.9063818454742432,0.4445804953575134,-4.341818809509277,1.199393630027771,0.5739510655403137,0.7021992991330805,0.6165788860730809
170,0.9075437784194946,0.44608598947525024,-4.261417388916016,1.1804519891738892,0.591110110282898,0.7548554059260791,0.661826376723505
171,0.9158715009689331,0.42143940925598145,-4.374475479125977,1.0990867614746094,0.6310210227966309,0.7886828460937179,0.6895614920230256
172,0.9114866256713867,0.4380636215209961,-4.290915489196777,1.1977074146270752,0.6019002795219421,0.6757270723081441,0.5897721515100225
173,0.9002402424812317,0.47209402918815613,-4.218186378479004,1.361765742301941,0.5506172180175781,0.6707332772118847,0.5686894921428394
174,0.9185552000999451,0.4157508611679077,-4.324441432952881,1.0582479238510132,0.6483928561210632,0.6923126037157326,0.5889460462128276
175,0.932870090007782,0.37498027086257935,-4.459893226623535,0.8239050507545471,0.7964987754821777,0.6952039375019199,0.6347252324337274
176,0.9140267968177795,0.41449397802352905,-4.3901848793029785,1.0561026334762573,0.6202225685119629,0.7918055710812226,0.713038244632994
177,0.9231874942779541,0.4046747088432312,-4.365314483642578,0.9852451682090759,0.6927779316902161,0.6316496884736761,0.555360571393937
178,0.9164488315582275,0.41474422812461853,-4.3614912033081055,1.0538572072982788,0.631573498249054,0.7219047220973696,0.6494969029887012
179,0.9004749059677124,0.4608681797981262,-4.251657485961914,1.2570852041244507,0.5496100783348083,0.5135798505640827,0.46017317159879917
180,0.9170642495155334,0.41847842931747437,-4.35875129699707,1.1054574251174927,0.6335129737854004,0.7813040940344106,0.6759043938432223
181,0.9099337458610535,0.4371194839477539,-4.328207969665527,1.1749030351638794,0.5889343619346619,0.6134145399196944,0.5311512101225293
182,0.9250024557113647,0.39673295617103577,-4.384390830993652,0.9707632064819336,0.7130486965179443,0.8460808196213473,0.7995894214249151
183,0.9228410720825195,0.41150104999542236,-4.334864139556885,1.0398004055023193,0.6970130205154419,0.7226940890801931,0.6523840763727508
184,0.9288048148155212,0.3931439518928528,-4.376585960388184,0.9086173176765442,0.7596206665039062,0.6501468496137289,0.601387498561262
185,0.9018258452415466,0.4733809232711792,-4.2048444747924805,1.3270152807235718,0.567933976650238,0.6765456767167233,0.5828192764588298
186,0.9253425598144531,0.40060850977897644,-4.334733486175537,0.9989827275276184,0.7179136276245117,0.5489356270250021,0.4943938211491825
187,0.9263944625854492,0.3951118588447571,-4.352625846862793,0.9791300296783447,0.7284793257713318,0.6908945563127206,0.6018650108162622
188,0.918346107006073,0.4167077839374542,-4.3242506980896,1.0630306005477905,0.6432507634162903,0.6432213165137987,0.5664122159376512
189,0.9138531684875488,0.42643630504608154,-4.323641300201416,1.15652596950531,0.6081197261810303,0.5937443114620519,0.5371162621464258
190,0.9063969850540161,0.4408110976219177,-4.288962364196777,1.1607637405395508,0.5863685607910156,0.6640416491889699,0.5838353701265371
191,0.9191579818725586,0.41187381744384766,-4.367920875549316,1.0490293502807617,0.6532796621322632,0.49363056721041776,0.4292775934602707
192,0.9114019870758057,0.43141546845436096,-4.312679767608643,1.2901755571365356,0.5796215534210205,0.555307899513852,0.4870098617286688
193,0.9092096090316772,0.44170451164245605,-4.278735160827637,1.2275748252868652,0.5762909054756165,0.6553635555226849,0.5748654138909015
194,0.9180285930633545,0.41702139377593994,-4.355903625488281,1.049826979637146,0.6624612808227539,0.6225628357880407,0.54111896080792
195,0.9137592315673828,0.4300435781478882,-4.3450775146484375,1.1497362852096558,0.6157065033912659,0.5327673875277801,0.46030679812026515
196,0.9034183025360107,0.4582630395889282,-4.321254730224609,1.3020727634429932,0.5584430694580078,0.7114054322063679,0.6087771868515376
197,0.8446658849716187,0.6390490531921387,-3.9400763511657715,1.7706522941589355,0.42727547883987427,0.5500303267891813,0.46953751833447654
198,0.9193114042282104,0.4182521402835846,-4.313680171966553,1.0858105421066284,0.6528241634368896,0.6552095399152355,0.5899789676073178
199,0.9214458465576172,0.4021468460559845,-4.358359336853027,1.05596125125885,0.6694269180297852,0.6326332736807371,0.5783483307572962
200,0.9210904836654663,0.4107303023338318,-4.376351833343506,1.025701642036438,0.6743572354316711,0.759134396132907,0.6648817557382917
201,0.9044234752655029,0.45564475655555725,-4.254881858825684,1.3011393547058105,0.5583613514900208,0.6879152787968709,0.5931602953377314
202,0.9125752449035645,0.4425576329231262,-4.272782325744629,1.2736133337020874,0.602866530418396,0.6677234001711067,0.5971381701943975
203,0.919849157333374,0.41152894496917725,-4.330021858215332,1.0419150590896606,0.6587996482849121,0.5926673791992476,0.5122437688730129
204,0.9088156223297119,0.43746691942214966,-4.310957431793213,1.1047911643981934,0.6072593927383423,0.7229438228207493,0.5989136765979398
205,0.9200336933135986,0.4109782576560974,-4.365571975708008,1.0713328123092651,0.6537625193595886,0.5553203677269104,0.5044453949218376
206,0.9242364764213562,0.3968869745731354,-4.420881271362305,0.9927522540092468,0.6958258748054504,0.8225826492392027,0.7361864893916068
207,0.9120673537254333,0.4345763921737671,-4.300236225128174,1.1643229722976685,0.6050415635108948,0.6683460277533794,0.590459997424743
208,0.8995246291160583,0.4638313055038452,-4.254251480102539,1.3147552013397217,0.5527969598770142,0.6338573965102866,0.5626305629478181
209,0.9308069348335266,0.382564514875412,-4.432668209075928,0.8897556662559509,0.7715437412261963,0.7185081890026169,0.6634093742361412
210,0.9148321747779846,0.42737245559692383,-4.351180553436279,1.1264234781265259,0.6185797452926636,0.6540119460942319,0.5691940667764097
211,0.9152057766914368,0.42976129055023193,-4.3058390617370605,1.1209536790847778,0.6382454037666321,0.6486877504773377,0.5804057141783779
212,0.9172369241714478,0.4249120354652405,-4.269123077392578,1.1142271757125854,0.6403927206993103,0.5164027449323438,0.45680771690775274
213,0.9225773811340332,0.40782153606414795,-4.317684173583984,1.0142029523849487,0.6930358409881592,0.7305505038390702,0.6388809759032013
214,0.8916743993759155,0.4889584183692932,-4.185997486114502,1.3989471197128296,0.529454231262207,0.7603190812567936,0.6697237870646476
215,0.9234515428543091,0.39362120628356934,-4.419680595397949,0.9831822514533997,0.6756194829940796,0.8445201252248231,0.7539401064823378
216,0.9223349094390869,0.40798500180244446,-4.374534606933594,1.0364527702331543,0.6940415501594543,0.6649922065629792,0.6090628121371672
217,0.9171975255012512,0.4201818108558655,-4.3514251708984375,1.1345725059509277,0.6280731558799744,0.7148781534358334,0.6194080904951181
218,0.9062775373458862,0.44940200448036194,-4.259146213531494,1.257104754447937,0.5656875371932983,0.6896689788810249,0.617212756567057
219,0.9194187521934509,0.4137916564941406,-4.336617469787598,1.033555030822754,0.662663996219635,0.7486492664393534,0.6615939233116239
220,0.9196866154670715,0.4040519893169403,-4.337444305419922,1.0624284744262695,0.6519798040390015,0.6431919754987322,0.5858880998571834
221,0.9100018739700317,0.44125789403915405,-4.317793846130371,1.1864923238754272,0.5902156829833984,0.4928994563739876,0.4310960093697613
222,0.9313338994979858,0.3804209232330322,-4.4422926902771,0.897859513759613,0.7671964764595032,0.7106691827932723,0.6562998818036084
223,0.8362466096878052,0.6721593737602234,-3.9086194038391113,1.9301447868347168,0.3917681574821472,0.5703122203060964,0.47799075473534414
224,0.9310493469238281,0.381855845451355,-4.422031879425049,0.8734326362609863,0.7822800278663635,0.8171197879740679,0.7615163272956572
225,0.9206722974777222,0.40951842069625854,-4.380074501037598,1.068581461906433,0.6612215638160706,0.5620743864876504,0.5162247921021713
226,0.9054775834083557,0.439767986536026,-4.324060916900635,1.2519900798797607,0.5554555058479309,0.6919370927038025,0.6282056084171448
227,0.9177163243293762,0.4141329824924469,-4.330501079559326,1.080133080482483,0.6433228850364685,0.7986473061482245,0.701112537100994
228,0.9263273477554321,0.4008975625038147,-4.340723037719727,0.9651284217834473,0.7435803413391113,0.7267207147082716,0.6584089456103595
229,0.9107881188392639,0.42914319038391113,-4.323276519775391,1.1178655624389648,0.6041697263717651,0.6026594509389878,0.5335459419928773
230,0.9239581227302551,0.4047708511352539,-4.327642440795898,0.9849638938903809,0.7094780206680298,0.48829194195001907,0.43717335577995775
231,0.9208230376243591,0.4115230441093445,-4.364630699157715,1.0967292785644531,0.6612224578857422,0.5059983638331844,0.44766682788651824
232,0.9224967360496521,0.40754061937332153,-4.362459182739258,1.0431201457977295,0.677374541759491,0.5566800127520276,0.4887406437798296
233,0.9130265712738037,0.42978158593177795,-4.328697681427002,1.143320083618164,0.6129629015922546,0.6921383144957204,0.592333379854192
234,0.9175394773483276,0.4173906147480011,-4.333432197570801,1.0821070671081543,0.6454173922538757,0.5331555494324554,0.47023067394703955
235,0.925643801689148,0.4011200964450836,-4.383941650390625,0.9921390414237976,0.7119295597076416,0.6674817809282653,0.5940401215239172
236,0.9223084449768066,0.4064297676086426,-4.329920768737793,1.0378196239471436,0.6824759840965271,0.6204668358695998,0.5327343245751601
237,0.9132674932479858,0.42915254831314087,-4.3557281494140625,1.1764599084854126,0.6049447655677795,0.538221385054657,0.47925309801770694
238,0.9274107813835144,0.3895556628704071,-4.381749153137207,0.9458603858947754,0.7292560935020447,0.6746758508273595,0.618738109515144
239,0.9213857650756836,0.4036283791065216,-4.368581771850586,1.0265008211135864,0.6645151972770691,0.6072369878484072,0.5272888544659661
240,0.9189276695251465,0.41438013315200806,-4.326859474182129,1.1092904806137085,0.6420901417732239,0.6933571266695406,0.6093342084973951
241,0.9028981924057007,0.45783552527427673,-4.248529434204102,1.251516580581665,0.5611399412155151,0.5223537714855276,0.4532342131879815
242,0.9264256954193115,0.39575690031051636,-4.35999870300293,0.9426959156990051,0.7401331663131714,0.8151510506199823,0.7423593272771988
243,0.9352652430534363,0.3729172348976135,-4.409780502319336,0.7641924023628235,0.8248786330223083,0.7035356136836388,0.6355727877912613
244,0.9185342788696289,0.4156632125377655,-4.363308906555176,1.083180546760559,0.6463691592216492,0.6187719764721984,0.542565706249735
245,0.914333701133728,0.4228445887565613,-4.3467912673950195,1.1043914556503296,0.6242154240608215,0.4996584607615767,0.438237615833328
246,0.9171411395072937,0.41775116324424744,-4.37760066986084,1.1155263185501099,0.6316139101982117,0.6964155094225634,0.6113925325015053
247,0.918596625328064,0.4169885516166687,-4.361783981323242,1.1475462913513184,0.6406304836273193,0.41285314600387346,0.3544599988149214
248,0.9015158414840698,0.45670613646507263,-4.2963972091674805,1.2843174934387207,0.5542122721672058,0.650605089416939,0.5496784307129963
249,0.9228010177612305,0.4050305485725403,-4.383103370666504,1.0647598505020142,0.6809771060943604,0.579486898916625,0.5278678972096366
250,0.9080004692077637,0.44588330388069153,-4.264348983764648,1.244681715965271,0.5739359855651855,0.5319137869478442,0.4604650257241864
251,0.9173766374588013,0.4193218946456909,-4.327383995056152,1.0817348957061768,0.6427963376045227,0.6525788940701656,0.5649187196932715
252,0.9197719097137451,0.4095531105995178,-4.35466194152832,1.1116259098052979,0.6433887481689453,0.7309614234006908,0.6514423862093325
253,0.9111847877502441,0.43124550580978394,-4.308363914489746,1.1183141469955444,0.6062332987785339,0.7262660281408742,0.6571444273582903
254,0.9199050664901733,0.41540616750717163,-4.303254127502441,1.0918763875961304,0.6558455228805542,0.7135161355193074,0.6255613573153723
255,0.927540123462677,0.3925352096557617,-4.396217346191406,0.9153047204017639,0.7501382231712341,0.6997212984971373,0.6262900352996207
256,0.9264904856681824,0.39046749472618103,-4.394278049468994,0.9326446056365967,0.728428065776825,0.6976585907869867,0.6381020835324069
257,0.906211256980896,0.45003631711006165,-4.264410972595215,1.2847480773925781,0.5606889724731445,0.5893176752893999,0.5140443645346505
258,0.930415153503418,0.385122686624527,-4.4177374839782715,0.8826813101768494,0.7787997126579285,0.5767162623532516,0.5244899726816113
259,0.9156053066253662,0.42601174116134644,-4.341110706329346,1.1619528532028198,0.621659517288208,0.7374451219392537,0.6370907746633534
260,0.9154470562934875,0.4201911687850952,-4.372814178466797,1.0856389999389648,0.6298328638076782,0.7206077834354296,0.6197241353121108
261,0.9173562526702881,0.4175403118133545,-4.346282005310059,1.15255606174469,0.6323181390762329,0.6793200031957909,0.5896119944339709
262,0.9090033769607544,0.4351537823677063,-4.350216388702393,1.1547439098358154,0.5936626195907593,0.6067809644286011,0.5116240472822592
263,0.924518346786499,0.40325695276260376,-4.349909782409668,0.9676680564880371,0.7182636260986328,0.7530029815901075,0.6845373693813448
264,0.9043985605239868,0.4549142122268677,-4.302984714508057,1.2520694732666016,0.5617640018463135,0.6628899585444549,0.569060047182997
265,0.9060561656951904,0.44441527128219604,-4.316797256469727,1.2004655599594116,0.5801332592964172,0.7955880759956967,0.708868981431605
266,0.9237644672393799,0.39758914709091187,-4.420158386230469,1.0062310695648193,0.6860651969909668,0.7242937599519159,0.6348223103950495
267,0.9314371347427368,0.3816490173339844,-4.391391754150391,0.8448475003242493,0.7900023460388184,0.7498311138024487,0.7075777248258203
268,0.9273983240127563,0.38900017738342285,-4.4217529296875,1.0018832683563232,0.7178958058357239,0.6877773159911936,0.6465570717127559
269,0.9257504940032959,0.39678770303726196,-4.4217848777771,0.9511110186576843,0.7258148789405823,0.6601469037750376,0.5958856850772241
270,0.9229512214660645,0.3965572416782379,-4.3889665603637695,0.9943427443504333,0.6848556399345398,0.7834760947552996,0.7018590249439847
271,0.9238354563713074,0.40696921944618225,-4.350710868835449,1.0189805030822754,0.7118065357208252,0.764989896499228,0.6868573941053397
272,0.9326417446136475,0.3799016773700714,-4.366977691650391,0.7681304812431335,0.8247592449188232,0.7514630269733193,0.7117590782737656
273,0.9120899438858032,0.4310779273509979,-4.368128776550293,1.18540620803833,0.5882077217102051,0.6736370615608374,0.6074008433165301
274,0.932462215423584,0.3760768175125122,-4.399640083312988,0.8239777088165283,0.7939848303794861,0.8550970570135217,0.8042707159356407
275,0.9289509057998657,0.38365399837493896,-4.427225112915039,0.8916138410568237,0.7545545697212219,0.6236849507061714,0.5605179725866596
276,0.9310247898101807,0.3849768042564392,-4.403349876403809,0.8279570937156677,0.8002647161483765,0.7094875760958148,0.6711489993284123
277,0.9167131185531616,0.4253334105014801,-4.259698390960693,1.1178689002990723,0.6386721134185791,0.6496253719268156,0.6095869269422136
278,0.8945735096931458,0.4880883991718292,-4.1862568855285645,1.430422306060791,0.518633246421814,0.547038762830553,0.48148150291102865
279,0.9394814372062683,0.3631226420402527,-4.428707122802734,0.5395479202270508,0.9006971120834351,0.7852711287020183,0.7542456701585009
280,0.9271738529205322,0.39255592226982117,-4.3450703620910645,0.9683660864830017,0.7268862724304199,0.6705595146742245,0.607927452806503
281,0.927691638469696,0.3903689682483673,-4.386120319366455,0.920396089553833,0.744365394115448,0.629025124549442,0.583508911850674
282,0.9135436415672302,0.4260437488555908,-4.329166889190674,1.0975430011749268,0.621876060962677,0.7172602882325259,0.6497589274144219
283,0.9312566518783569,0.3797057867050171,-4.426648139953613,0.8580321669578552,0.7782471776008606,0.6529463760044255,0.6059342340040937
284,0.9220682978630066,0.4088755249977112,-4.34419584274292,1.014843463897705,0.6864250898361206,0.6038431988957725,0.5493796059227297
285,0.9218442440032959,0.40304285287857056,-4.382580757141113,1.035752534866333,0.6710256338119507,0.6584024076490839,0.5853234752153091
286,0.9121147394180298,0.42686936259269714,-4.363432884216309,1.1426401138305664,0.6054688692092896,0.578526610837504,0.5213018022042057
287,0.9342126250267029,0.3723973035812378,-4.446898460388184,0.7679463028907776,0.8257821798324585,0.6114140443414221,0.5461151426697235
288,0.9229471683502197,0.40309280157089233,-4.37103271484375,1.0206191539764404,0.6870590448379517,0.6947167115630616,0.6126254017969974
289,0.9291415214538574,0.3908703923225403,-4.337215423583984,0.8482035994529724,0.7904351949691772,0.7524710000504016,0.6873516301382924
290,0.9172621965408325,0.4110162556171417,-4.3803911209106445,1.0219061374664307,0.6418871283531189,0.635271106644927,0.5803690246984277
291,0.9107367992401123,0.4368347227573395,-4.302297592163086,1.2920105457305908,0.5748252272605896,0.5659211955857973,0.5022815957879626
292,0.8843486309051514,0.5248067378997803,-4.169250965118408,1.592250108718872,0.4936344027519226,0.42983323507452526,0.3774185067452307
293,0.9239534139633179,0.3997257947921753,-4.395979404449463,0.9629758596420288,0.6994577646255493,0.6924246225943226,0.6283790422018288
294,0.9194592237472534,0.41245704889297485,-4.394904613494873,1.0445951223373413,0.6580432057380676,0.6269817069157473,0.5500159940011169
295,0.9080406427383423,0.44426587224006653,-4.310035705566406,1.2065043449401855,0.5844415426254272,0.688850567797545,0.6251368161474975
296,0.9340524673461914,0.377888560295105,-4.392909049987793,0.7391158938407898,0.8348010778427124,0.7513109480589152,0.7076170890316432
297,0.9272666573524475,0.3968847393989563,-4.343150615692139,0.9451725482940674,0.7482185959815979,0.7392611482189201,0.6415430617692536
298,0.908393383026123,0.4410500228404999,-4.289366245269775,1.1910991668701172,0.5826894044876099,0.7018601576934929,0.633891152207963
299,0.9230756759643555,0.4055250287055969,-4.367583274841309,1.042019009590149,0.6948992013931274,0.7489634355660774,0.6901515492416317
300,0.9245951771736145,0.3978382349014282,-4.389191627502441,1.0468926429748535,0.6907250881195068,0.5904862643933112,0.530187548316449
301,0.9303735494613647,0.38308408856391907,-4.441519737243652,0.8620079159736633,0.7793047428131104,0.7234130941954454,0.6654868473283646
302,0.9303621053695679,0.3787209391593933,-4.4442291259765625,0.874161958694458,0.7606486082077026,0.6890803122824436,0.6173975665245608
303,0.9156506061553955,0.4155524969100952,-4.388788223266602,1.0768182277679443,0.6267195343971252,0.6650990635563586,0.582794241422348
304,0.9256648421287537,0.3946978449821472,-4.375903606414795,1.0248655080795288,0.696067750453949,0.7446572488651494,0.6812806200254896
305,0.9178497791290283,0.41229069232940674,-4.373850345611572,1.0504274368286133,0.6434492468833923,0.7512468388772002,0.6673002144566436
306,0.9233748912811279,0.3978268504142761,-4.398673057556152,0.9947253465652466,0.6862651109695435,0.8677523770353625,0.7910483422929976
307,0.909538745880127,0.4342149794101715,-4.304548263549805,1.1549994945526123,0.5931310057640076,0.7460410833531089,0.6454290963790654
308,0.9309590458869934,0.3839648365974426,-4.383981704711914,0.8023735284805298,0.8072745203971863,0.811141977835663,0.7693389358263852
309,0.9169994592666626,0.41918349266052246,-4.342374801635742,1.110087275505066,0.6374027132987976,0.6827689845337398,0.6269206340510276
310,0.9338251352310181,0.3740423917770386,-4.391685485839844,0.7718567252159119,0.8214275240898132,0.6984867004825264,0.6708142713982364
311,0.9253666400909424,0.3961957097053528,-4.409916877746582,0.9630863070487976,0.7138451933860779,0.6983733214345035,0.6383732255026622
312,0.9322277903556824,0.38126498460769653,-4.383816719055176,0.8110694289207458,0.8103694915771484,0.6713556262146032,0.6109549768019651
313,0.9034701585769653,0.4735233783721924,-4.222420692443848,1.516034722328186,0.53709477186203,0.6596178489342073,0.5964003233458324
314,0.9264065027236938,0.3966692090034485,-4.364809989929199,0.9471205472946167,0.730120837688446,0.762973845835775,0.6908696631203005
315,0.9016721248626709,0.4614708423614502,-4.270660877227783,1.3371632099151611,0.5381312370300293,0.6411557219098485,0.5569817312386643
316,0.9232648611068726,0.39824122190475464,-4.39901065826416,1.0053802728652954,0.6792050004005432,0.6852294114300883,0.6362706273747634
317,0.9279574155807495,0.3819321393966675,-4.465862274169922,0.9432485103607178,0.717822790145874,0.6956319245565387,0.6467595428213737
318,0.9157193899154663,0.4229928255081177,-4.318908214569092,1.0762476921081543,0.6235547065734863,0.6413961298512261,0.5803604043255661
319,0.9264963865280151,0.3995518088340759,-4.330446243286133,0.9480698704719543,0.7476142048835754,0.7207953786580819,0.6365802992946655
320,0.9217703342437744,0.4043099582195282,-4.391683578491211,1.0408616065979004,0.6639546155929565,0.7941216504490022,0.7217888292749937
321,0.929249107837677,0.3886334300041199,-4.388464450836182,0.9245108962059021,0.7572814226150513,0.8812014019030172,0.8177180330786575
322,0.927075207233429,0.3942424952983856,-4.387798309326172,0.9177846908569336,0.7497199177742004,0.9076647668144887,0.8470900787629914
323,0.9128258228302002,0.43118828535079956,-4.317059516906738,1.206804633140564,0.5842348337173462,0.6931939699128297,0.6228888807564166
324,0.9213979244232178,0.41052109003067017,-4.360167026519775,1.0261002779006958,0.6860048770904541,0.7534601176134362,0.7020617456231039
325,0.9276323318481445,0.3907783031463623,-4.374147891998291,0.9300214648246765,0.7429540753364563,0.780855610646883,0.7224859375780059
326,0.917061448097229,0.4142865240573883,-4.325386047363281,1.1048400402069092,0.6242970824241638,0.804404528160946,0.7267942798953484
327,0.9309245347976685,0.3891867995262146,-4.357195854187012,0.8156082630157471,0.8147428631782532,0.6967846995173703,0.6355028036538893
328,0.9263573884963989,0.39608123898506165,-4.362207412719727,0.9609350562095642,0.7266107797622681,0.6868200328862081,0.642072524925938
329,0.9152871370315552,0.42257368564605713,-4.357553482055664,1.1446189880371094,0.6218929290771484,0.612578537604503,0.5582677338574055
330,0.9008711576461792,0.4631803333759308,-4.263058662414551,1.2689303159713745,0.558114767074585,0.6818133995495046,0.5787561072728249
331,0.92582106590271,0.3912602961063385,-4.393474578857422,0.9698437452316284,0.7125402688980103,0.7320085468420995,0.6728726219847255
332,0.9328676462173462,0.3769457936286926,-4.432276725769043,0.8169726133346558,0.8041489720344543,0.6910494456828533,0.6565433864769638
333,0.9178214073181152,0.41008615493774414,-4.406902313232422,1.0629664659500122,0.6377339363098145,0.711545241151095,0.6384669131174128
334,0.9218600392341614,0.4080091714859009,-4.331142425537109,0.9931090474128723,0.6928554177284241,0.6747098394024572,0.5985593716021435
335,0.9310151934623718,0.384985089302063,-4.404979705810547,0.8303950428962708,0.7996535897254944,0.7500910096760343,0.691211908209174
336,0.9353511333465576,0.3682713806629181,-4.461488723754883,0.6972110271453857,0.8505333662033081,0.736203065782853,0.7027690225531535
337,0.9238847494125366,0.4043394923210144,-4.369051456451416,1.0011811256408691,0.7082440257072449,0.6791799013648795,0.6058358982616907
338,0.9304869771003723,0.3809971809387207,-4.411078453063965,0.8875110149383545,0.7662898898124695,0.743396211839012,0.688884719835097
339,0.9291585683822632,0.3854385018348694,-4.411335468292236,0.9262440204620361,0.746437668800354,0.7210503286612057,0.6591490368970105
340,0.9128297567367554,0.4291108250617981,-4.299205303192139,1.0928432941436768,0.6107658743858337,0.5714904485004298,0.5100196227832494
341,0.9161999821662903,0.42541804909706116,-4.334506034851074,1.1589909791946411,0.6169483661651611,0.7463692225554734,0.6821107899555364
342,0.9200974106788635,0.4083743989467621,-4.363925933837891,1.0374826192855835,0.6607692241668701,0.7759187192264901,0.6844627780753358
343,0.9066885709762573,0.44340115785598755,-4.334680557250977,1.1736005544662476,0.59089195728302,0.5434751622089629,0.45209306856929277
344,0.9314390420913696,0.38444584608078003,-4.371147632598877,0.8591405153274536,0.7951180934906006,0.7616865663429121,0.6900965706104546
345,0.9299265146255493,0.39220738410949707,-4.366756916046143,0.914713442325592,0.7751733064651489,0.5626865452346396,0.5078595182367449
346,0.9057236909866333,0.4438830614089966,-4.32021427154541,1.2291500568389893,0.5666322708129883,0.5931016097123718,0.5196440200393752
347,0.9305156469345093,0.3834206759929657,-4.40627908706665,0.837817907333374,0.788479745388031,0.7168908164402814,0.6788634519322668
348,0.9307912588119507,0.38018929958343506,-4.433610439300537,0.8536708950996399,0.7808071970939636,0.8346162199772035,0.7821513050557052
349,0.9249333739280701,0.40254896879196167,-4.343209743499756,0.988950788974762,0.7191622853279114,0.6942047449765292,0.6454981394941851
350,0.9304654002189636,0.3858160078525543,-4.456193923950195,0.8460756540298462,0.7915613055229187,0.593380915442115,0.5449173985688974
351,0.932212233543396,0.3787428140640259,-4.431764125823975,0.7888514399528503,0.8133878111839294,0.5392244680173315,0.5019594623216637
352,0.917612612247467,0.4152289032936096,-4.370534896850586,1.132099986076355,0.6189354658126831,0.7242074646435431,0.6444609248460546
353,0.9153789281845093,0.4209219217300415,-4.377964019775391,1.141572117805481,0.6080825924873352,0.7941214960313613,0.7240119457952108
354,0.9189368486404419,0.41614818572998047,-4.331926345825195,1.0925846099853516,0.6463998556137085,0.7372221304501754,0.6669893232403031
355,0.9218069911003113,0.40192049741744995,-4.382381916046143,1.001341462135315,0.6790233254432678,0.900974734927361,0.8400949235550833
356,0.9294720888137817,0.3835144340991974,-4.427553176879883,0.912883460521698,0.7585180401802063,0.6275307147991444,0.5807724991922384
357,0.9198256731033325,0.4109835624694824,-4.337987899780273,1.044914722442627,0.6592647433280945,0.6868963944350254,0.6125431252267065
358,0.9278271794319153,0.3935023844242096,-4.359256744384766,0.9508153796195984,0.7471047639846802,0.7203856375736777,0.6737667058965432
359,0.919302225112915,0.4046051502227783,-4.362208843231201,1.0892114639282227,0.6366444230079651,0.6591321813871203,0.6022971490360682
360,0.9232258796691895,0.4080243706703186,-4.34459114074707,1.0088015794754028,0.7030181288719177,0.749593871726248,0.694621620665776
361,0.918723464012146,0.4111787676811218,-4.391905784606934,1.0705358982086182,0.6436711549758911,0.6929871151751105,0.6190520600392106
362,0.9279409646987915,0.39474841952323914,-4.386645317077637,0.9197683334350586,0.7577519416809082,0.5631591794862894,0.5254298923700235
363,0.9255826473236084,0.39344584941864014,-4.4188551902771,0.9713727235794067,0.7120940089225769,0.7895781603923044,0.7522591419728473
364,0.9172158241271973,0.41787898540496826,-4.35817813873291,1.130601167678833,0.6340582370758057,0.7623617677548893,0.67835503710414
365,0.9268653392791748,0.39390408992767334,-4.3683037757873535,0.950952410697937,0.7321202754974365,0.6990496353118011,0.6690555644945141
366,0.9215970039367676,0.40590763092041016,-4.342966079711914,0.9920545816421509,0.6791008114814758,0.7259643179403786,0.6730056937295191
367,0.926495373249054,0.3985061049461365,-4.39988899230957,0.9951274991035461,0.7319238185882568,0.5611114390381563,0.5089535642048415
368,0.9312678575515747,0.38330554962158203,-4.377103328704834,0.9042144417762756,0.7734580039978027,0.6903159800125572,0.6320528483878494
369,0.917412281036377,0.4173807203769684,-4.358087539672852,1.08943510055542,0.6329304575920105,0.68936816006052,0.6201094945686454
370,0.9245744943618774,0.3967590928077698,-4.354869365692139,1.0051295757293701,0.6966750621795654,0.6491628439603087,0.5971242255268674
371,0.9229652881622314,0.39626842737197876,-4.44092321395874,0.9875105619430542,0.6815741062164307,0.7328502204961448,0.6481107760319894
372,0.9220460653305054,0.41180169582366943,-4.347346305847168,1.0259294509887695,0.6963319778442383,0.6204971551240374,0.5542464519740616
373,0.9233492016792297,0.40389537811279297,-4.365394592285156,0.9919800162315369,0.7060806751251221,0.6805270464565907,0.6134290657572002
374,0.9304900169372559,0.3852914571762085,-4.366940975189209,0.871259868144989,0.7821331024169922,0.6473311809672053,0.5705916680882205
375,0.9290562868118286,0.38967156410217285,-4.3754096031188965,0.921853244304657,0.754342257976532,0.6442558640606114,0.5699456906087995
376,0.9151625037193298,0.43359899520874023,-4.356768608093262,1.1467903852462769,0.654202401638031,0.662593788791473,0.5843402348582223
377,0.9249818921089172,0.3919631838798523,-4.428758144378662,1.038562536239624,0.6807533502578735,0.647420403282266,0.5798277694074253
378,0.9210939407348633,0.4070885181427002,-4.3447113037109375,1.0314381122589111,0.6720208525657654,0.8622034010656433,0.7845324383571695
379,0.9103827476501465,0.4327225089073181,-4.33074426651001,1.134868860244751,0.6024219393730164,0.7118278411459972,0.6372336949195783
380,0.9309917688369751,0.38225746154785156,-4.392132759094238,0.8780294060707092,0.7722163796424866,0.8773323510575168,0.8034663463598197
381,0.9209804534912109,0.4113982021808624,-4.2956013679504395,1.028130054473877,0.684894323348999,0.7803979458662517,0.6997787603606005
382,0.9204590916633606,0.41342002153396606,-4.321202754974365,1.0554722547531128,0.670282781124115,0.5276442927329561,0.472562663324811
383,0.9097071290016174,0.43109941482543945,-4.334220886230469,1.1442292928695679,0.5882554650306702,0.7254043426512581,0.6297639050415419
384,0.9253189563751221,0.39706575870513916,-4.345117568969727,0.9992246627807617,0.7113875150680542,0.4883097718334415,0.45071712906622063
385,0.9279282689094543,0.3910232186317444,-4.43326997756958,0.9049032926559448,0.7573698163032532,0.7837850199699471,0.6764353758308267
386,0.9171367883682251,0.4216853678226471,-4.334305286407471,1.0927700996398926,0.635920524597168,0.6757054336470961,0.6046492921590012
387,0.9143927693367004,0.4231387972831726,-4.360722541809082,1.189918875694275,0.5995063781738281,0.6217532055848362,0.5357758661688189
388,0.9291033148765564,0.38309380412101746,-4.42794942855835,0.9200132489204407,0.7448360919952393,0.6238339319494518,0.5917848328808208
389,0.9224089980125427,0.4032885432243347,-4.365213871002197,1.0434956550598145,0.675084114074707,0.8178692905343545,0.7516894481851273
390,0.9295135736465454,0.38510337471961975,-4.406096458435059,0.8844682574272156,0.7666552662849426,0.6055925733492536,0.5403913734820202
391,0.9279990196228027,0.3897060751914978,-4.443009376525879,0.9438127875328064,0.7416405081748962,0.7496659644968883,0.6994549820909273
392,0.9329755306243896,0.37886738777160645,-4.400994300842285,0.8499881029129028,0.7885112762451172,0.7241979234873702,0.6393418106869855
393,0.9219051003456116,0.4069616496562958,-4.364291191101074,1.040537714958191,0.6792845129966736,0.6831081260078237,0.5852109568013447
394,0.903404951095581,0.45746004581451416,-4.29323673248291,1.2662829160690308,0.5535552501678467,0.6952055667365803,0.6065768648120499
395,0.933348536491394,0.374401330947876,-4.427355766296387,0.800537109375,0.799749493598938,0.9047576854433451,0.8380823651072399
396,0.9196978211402893,0.41178959608078003,-4.354445457458496,1.0427768230438232,0.6617818474769592,0.7960040365572879,0.7042352684680666
397,0.9223306179046631,0.4009433388710022,-4.381643295288086,1.0133055448532104,0.6736317276954651,0.692774809738817,0.6223079280501717
398,0.9347137212753296,0.37162142992019653,-4.46099853515625,0.7275010347366333,0.8348705768585205,0.8018435318388886,0.7618933578491006
399,0.9147042036056519,0.4210730493068695,-4.3677215576171875,1.1112639904022217,0.6160075664520264,0.6597170771135171,0.5853849735848026
400,0.9301440715789795,0.3876360058784485,-4.357372283935547,0.885848879814148,0.7792496085166931,0.8301856923235259,0.7547360485951261
401,0.9222552180290222,0.40023916959762573,-4.427184104919434,1.0120731592178345,0.6729446053504944,0.7192283331526156,0.6488644008371584
402,0.9263663291931152,0.39524203538894653,-4.391073226928711,0.9746676683425903,0.7268636226654053,0.5914108907364507,0.5175173894539843
403,0.9245989322662354,0.3937221169471741,-4.4385600090026855,0.9661893248558044,0.6993417143821716,0.6076899661782329,0.5204424465451288
404,0.919011116027832,0.4215664267539978,-4.312551498413086,1.1380888223648071,0.6587932109832764,0.721797147308379,0.6595361646606327
405,0.9249973297119141,0.39431387186050415,-4.430689334869385,0.9738991260528564,0.7082385420799255,0.6323826986740511,0.5715608760782362
406,0.9223635196685791,0.3999859690666199,-4.416238784790039,1.003534197807312,0.6741294860839844,0.7241068231075547,0.6589963762388188
407,0.9194117784500122,0.4092860519886017,-4.407101631164551,1.0396324396133423,0.653561532497406,0.7968860554466838,0.7166285106026986
408,0.9174259305000305,0.4106709957122803,-4.365708351135254,1.1223543882369995,0.6254279017448425,0.7684911400796199,0.7076686328151295
409,0.9235432147979736,0.3951951861381531,-4.424492835998535,0.9807578921318054,0.6781079769134521,0.6928268135824843,0.6203186239056964
410,0.9201148152351379,0.40743714570999146,-4.3938398361206055,1.055374026298523,0.6499708890914917,0.6476698309640687,0.5841082614462713
411,0.919582724571228,0.41390544176101685,-4.349442958831787,1.0847089290618896,0.6433785557746887,0.7566100308242285,0.6694513087445997
412,0.9200859665870667,0.4093758761882782,-4.399909496307373,1.0687158107757568,0.6536968946456909,0.5969621070308614,0.544590358547335
413,0.9343024492263794,0.37863314151763916,-4.385410785675049,0.6758719086647034,0.8619794845581055,0.5912864513302828,0.529377152611456
414,0.9164637327194214,0.4155980348587036,-4.419040679931641,1.1347570419311523,0.6326586008071899,0.7054768960873312,0.6315332790857846
415,0.91595059633255,0.4216950535774231,-4.347274303436279,1.1329573392868042,0.6209114789962769,0.7411937676006517,0.6762419878975499
416,0.8967122435569763,0.49168142676353455,-4.2658538818359375,1.5133132934570312,0.5510225296020508,0.5990896733825863,0.5321945329669789
417,0.9310996532440186,0.370388925075531,-4.47575044631958,0.9109576344490051,0.7467007040977478,0.6380731111507656,0.5811240388260484
418,0.9170299768447876,0.41462498903274536,-4.338043689727783,1.0919408798217773,0.6485070586204529,0.6606112698014482,0.563899398951632
419,0.9211184978485107,0.404510498046875,-4.426448822021484,1.0756253004074097,0.6392472386360168,0.7337866193096707,0.6760921902717142
420,0.9364430904388428,0.3612014651298523,-4.487875461578369,0.7583613991737366,0.8245627284049988,0.953801539845817,0.9182790618285086
421,0.888770341873169,0.510589599609375,-4.161124229431152,1.4601954221725464,0.5272583961486816,0.6661055788649713,0.5908777827341499
422,0.9328631162643433,0.3797110915184021,-4.467768669128418,0.7058178186416626,0.840177059173584,0.8305116584455373,0.7451355202534058
423,0.9150164723396301,0.42508092522621155,-4.327271461486816,1.1776785850524902,0.6156550645828247,0.45570952419166083,0.4050098950907902
424,0.9239554405212402,0.40005993843078613,-4.3918609619140625,1.0057700872421265,0.6965934038162231,0.6070570967875061,0.5327144373025152
425,0.931644082069397,0.3821016550064087,-4.3856401443481445,0.8166322112083435,0.7931931018829346,0.6395374489818931,0.5686298057274705
426,0.9054889678955078,0.45493656396865845,-4.281120300292969,1.2714406251907349,0.5715405941009521,0.6875257752284591,0.5896094137752846
427,0.9286203384399414,0.3822034001350403,-4.450403213500977,0.9157034158706665,0.7369982004165649,0.5807003686858649,0.5326590450109008
428,0.9244378805160522,0.3983302712440491,-4.445361137390137,1.0032674074172974,0.694875180721283,0.7687200176613153,0.6862656825691473
429,0.9283571243286133,0.39288461208343506,-4.362855434417725,0.8845986127853394,0.7772696018218994,0.6523752586729766,0.6016812615651167
430,0.9054994583129883,0.456354558467865,-4.2804436683654785,1.403281807899475,0.5448044538497925,0.6154938079534319,0.5476748263203851
431,0.9121963977813721,0.4258159399032593,-4.324123859405518,1.2633219957351685,0.592248260974884,0.5770838966475506,0.5133708446759396
432,0.9032138586044312,0.4570130705833435,-4.290396690368652,1.3024693727493286,0.5608123540878296,0.6478021673351203,0.5485324219548997
433,0.9219851493835449,0.410800963640213,-4.3527655601501465,1.0751200914382935,0.6799524426460266,0.6764240927558315,0.6119380322426926
434,0.8935791254043579,0.48296213150024414,-4.2128143310546875,1.434562087059021,0.5159297585487366,0.5686614526730789,0.5039133861198233
435,0.9159557223320007,0.4193243980407715,-4.374454021453857,1.1437184810638428,0.6251809000968933,0.5932627544542398,0.531857119566582
436,0.9172717928886414,0.41697242856025696,-4.337451934814453,1.0960307121276855,0.6317631006240845,0.745395565743279,0.6585516835861759
437,0.9254068732261658,0.39503899216651917,-4.386971473693848,0.983088493347168,0.7094048261642456,0.8325692981464506,0.7681673458809274
438,0.9133058786392212,0.42412489652633667,-4.320959091186523,1.1208667755126953,0.6099427342414856,0.8346805104898517,0.7744909258846563
439,0.9181451797485352,0.41688272356987,-4.291955947875977,1.096502661705017,0.6369152665138245,0.5955746055253724,0.521863162036117
440,0.9287691116333008,0.3952547311782837,-4.412567615509033,0.9072371125221252,0.7780171036720276,0.5962070537041342,0.5548183099776607
441,0.9176411628723145,0.41505885124206543,-4.399703025817871,1.0484997034072876,0.6326664090156555,0.7896261002036686,0.7184025583406961
442,0.9280693531036377,0.3916582465171814,-4.416359901428223,0.9707545042037964,0.7375521063804626,0.549265146582127,0.4934977714942987
443,0.9269862174987793,0.3935975432395935,-4.364540100097656,0.9505450129508972,0.7306283712387085,0.6812982599106895,0.6238685648007206
444,0.9282363057136536,0.3867589831352234,-4.379327297210693,0.9305408596992493,0.7402259111404419,0.8191917267523969,0.7342298850481541
445,0.9172695875167847,0.4135406017303467,-4.376889228820801,1.146409034729004,0.6201877593994141,0.6365796822525119,0.5634215869532068
446,0.9123800992965698,0.4253428280353546,-4.35814094543457,1.0962473154067993,0.6040758490562439,0.587686590467881,0.516125650732546
447,0.9300636053085327,0.3892492949962616,-4.378650665283203,0.8937117457389832,0.768414318561554,0.753665260474419,0.6844458747641999
448,0.9263031482696533,0.3983239233493805,-4.39756441116333,0.9727418422698975,0.7315698862075806,0.696824129066858,0.6537888889369419
449,0.9233390688896179,0.40768563747406006,-4.3032379150390625,1.0475372076034546,0.7023515701293945,0.5129279869512876,0.480258409764897
450,0.9320998787879944,0.3742375671863556,-4.48504114151001,0.8571872115135193,0.7830756306648254,0.8030291717240543,0.752367918599863
451,0.9196234941482544,0.4103436768054962,-4.336630821228027,1.048988699913025,0.65891432762146,0.7334147516179617,0.6705803364318161
452,0.9100435972213745,0.4336218237876892,-4.288529872894287,1.1390362977981567,0.5893638730049133,0.7828280336298145,0.6849120920950087
453,0.9031988382339478,0.45112374424934387,-4.312890529632568,1.2743070125579834,0.5587512850761414,0.6540522444398443,0.5777282921751482
454,0.925345778465271,0.39766502380371094,-4.352582931518555,0.9859114289283752,0.7146815657615662,0.7550216034210987,0.6815062657006093
455,0.9214444160461426,0.40373557806015015,-4.425010681152344,1.0026025772094727,0.6679503917694092,0.8242930889615678,0.7725278084211918
456,0.9094398021697998,0.44653546810150146,-4.294585704803467,1.1982510089874268,0.6001189947128296,0.7365605202465715,0.6398397621348154
457,0.9277282357215881,0.3880833685398102,-4.4499006271362305,0.9677875638008118,0.7262163758277893,0.6308765913691726,0.5705588242269344
458,0.9177476167678833,0.41595587134361267,-4.32969331741333,1.0940651893615723,0.6344588994979858,0.6131837194636923,0.5486399749223899
459,0.9212602376937866,0.4074164032936096,-4.3354363441467285,1.0209195613861084,0.6742748618125916,0.6243311869479663,0.5652725612976413
460,0.9243603944778442,0.4056006669998169,-4.342572212219238,1.0410690307617188,0.7080069184303284,0.6464437113179432,0.5963004347628232
461,0.9115027189254761,0.43565431237220764,-4.309198379516602,1.192560076713562,0.5944647789001465,0.6129692982179763,0.5651338252533943
462,0.9246363639831543,0.4018571376800537,-4.357842445373535,1.0146700143814087,0.708900511264801,0.460882175953714,0.41562149750482985
463,0.9254072308540344,0.3981418013572693,-4.413196563720703,1.0053693056106567,0.7045544981956482,0.6597933703888987,0.5889534924421566
464,0.913521409034729,0.42630451917648315,-4.314366340637207,1.137581467628479,0.6104925274848938,0.750300193386817,0.6848948423476299
465,0.9051580429077148,0.4561479389667511,-4.2760910987854,1.240217924118042,0.5907686352729797,0.582464031364994,0.5011911703916195
466,0.9268262386322021,0.3932513892650604,-4.384369850158691,0.9465640783309937,0.7303264737129211,0.6817232484487497,0.6042275078702287
467,0.9099857807159424,0.4476483166217804,-4.289780139923096,1.2325935363769531,0.6042489409446716,0.4883142361309274,0.4470777747879693
468,0.8566635847091675,0.6387537121772766,-3.834148406982422,1.711587905883789,0.4653360843658447,0.20800841165376358,0.15781088596671164
469,0.9371582865715027,0.3670439124107361,-4.3922014236450195,0.6875278949737549,0.8549818992614746,0.9049176420323483,0.8457247113303518
470,0.9050024747848511,0.4521162509918213,-4.281651496887207,1.3048511743545532,0.5573217272758484,0.4517532902537808,0.40024949318342323
471,0.9089990854263306,0.438585102558136,-4.300440311431885,1.2161492109298706,0.5763348937034607,0.5553079491320079,0.47847654745872775
472,0.9303356409072876,0.3843228220939636,-4.384418487548828,0.89415043592453,0.7690995335578918,0.7759424860868168,0.7027286769330495
473,0.9042918682098389,0.45275670289993286,-4.273094177246094,1.2330762147903442,0.575478196144104,0.6692134816793246,0.6057027548237044
474,0.9198361039161682,0.40781909227371216,-4.414072036743164,1.048763394355774,0.6429872512817383,0.8778864998248748,0.8065264963311011
475,0.9141359925270081,0.43361324071884155,-4.334972381591797,1.2142373323440552,0.6194779872894287,0.5791398365835247,0.514026032713956
476,0.9250184893608093,0.396643728017807,-4.413318634033203,0.9736591577529907,0.7117836475372314,0.8345762854649351,0.7802395361507807
477,0.9142156839370728,0.42600762844085693,-4.3293843269348145,1.1443862915039062,0.6146990656852722,0.6392508656954998,0.549456650847231
478,0.9163994789123535,0.42069417238235474,-4.278507232666016,1.1747689247131348,0.609589695930481,0.6989427526110882,0.626273996773712
479,0.9121758341789246,0.4326011836528778,-4.312338352203369,1.1057498455047607,0.6198920607566833,0.6838556837286051,0.5911725551140334
480,0.9203344583511353,0.4121316969394684,-4.344529628753662,1.0501773357391357,0.6653023362159729,0.7181875979678098,0.6437849938838536
481,0.9194509983062744,0.4085693955421448,-4.383083343505859,1.044203519821167,0.6553379893302917,0.6063157365161861,0.5332806842966923
482,0.926106333732605,0.398013174533844,-4.357738494873047,0.9456936717033386,0.7347323298454285,0.8068768070130421,0.7419315758462407
483,0.9337946176528931,0.37832269072532654,-4.343426704406738,0.6250840425491333,0.8770512342453003,0.5554024719530444,0.5404860654566048
484,0.9160562753677368,0.4184397757053375,-4.313828468322754,1.0468138456344604,0.637469470500946,0.7386563638968908,0.6554711822699552
485,0.9221130609512329,0.4060668349266052,-4.369004249572754,1.0127032995224,0.6868261694908142,0.6230972323506524,0.5532222000733732
486,0.9092572927474976,0.4397321939468384,-4.294703483581543,1.201701283454895,0.5786260366439819,0.5858056748331169,0.5111888174207045
487,0.9169232249259949,0.41864025592803955,-4.380613327026367,1.0891661643981934,0.6279481649398804,0.6151423229630141,0.5339651921154764
488,0.9235358238220215,0.401828408241272,-4.439335346221924,1.0062510967254639,0.6891030669212341,0.727923660412516,0.6605230506857399
489,0.9125881195068359,0.43587809801101685,-4.339216709136963,1.3037443161010742,0.5801156759262085,0.5752693492436805,0.5177179993011661
490,0.9225429892539978,0.4021437168121338,-4.4038591384887695,1.019234538078308,0.6813310980796814,0.7477262391475237,0.6513991219217911
491,0.9349745512008667,0.3750019669532776,-4.46044397354126,0.6997179985046387,0.8463485240936279,0.6628909109264005,0.5879039230815442
492,0.9267340898513794,0.3885568380355835,-4.359227180480957,1.003261685371399,0.7141874432563782,0.5893875492798655,0.543386980524878
493,0.9285438656806946,0.387881875038147,-4.431632995605469,0.9687604308128357,0.7442110180854797,0.5702952166338935,0.5317287078469498
494,0.92421555519104,0.40429991483688354,-4.394029140472412,1.004616618156433,0.706062376499176,0.706852639114905,0.6578202567388515
495,0.903654932975769,0.4540517330169678,-4.252863883972168,1.3337421417236328,0.5501495003700256,0.4573788594851445,0.3955745226898913
496,0.9116265773773193,0.4341588020324707,-4.343924522399902,1.2365458011627197,0.5911658406257629,0.48567187843289406,0.4301605267537011
497,0.9114218950271606,0.4332959055900574,-4.320954322814941,1.2177330255508423,0.5843766927719116,0.7965714265402399,0.7225999555431073
498,0.9142235517501831,0.42769312858581543,-4.341322898864746,1.1847851276397705,0.6068357229232788,0.5103343512160656,0.43348339963995136
499,0.929790198802948,0.3875701427459717,-4.426459789276123,0.9061942100524902,0.7741572856903076,0.6070825771375908,0.5532758345879901
500,0.9028797745704651,0.457386314868927,-4.270623207092285,1.29403555393219,0.5558779239654541,0.6238994288355159,0.5450809349676249
501,0.9232693910598755,0.409555047750473,-4.377603530883789,1.1054332256317139,0.6810804605484009,0.5143169101930312,0.4521673602872032
502,0.9164008498191833,0.42289310693740845,-4.356019020080566,1.1455035209655762,0.6199268102645874,0.6412149088484481,0.57049079280732
